YahooName,YahooAbbr,Reddit,Conference,TuneInURL,SubReddit,Flair
Abilene Christian,abilene_christian,AbileneChristian,Southland,,,[Abilene Christian](#f/abilenechristian)
Air Force,aab,AirForce,Mountain West,/radio/Air-Force-Basketball-c100000462/,,[Air Force](#f/airforce)
Akron,aac,Akron,Mid-American,/radio/Akron-Basketball-c100000463/,,[Akron](#f/akron)
Alabama,aaf,Alabama,Southeastern,/radio/Alabama-Basketball-c100000536/,/r/rolltide,[Alabama](#f/alabama)
Alabama A&M,aag,AlabamaAM,Southwestern Athletic,/radio/WJAB-909-s29739/,,[Alabama A&M](#f/alabamaam)
Alabama St.,aah,AlabamaSt,Southwestern Athletic,,,[Alabama State](#f/alabamastate)
Albany,aca,Albany,America East,/radio/FOX-Sports-Radio-980-s21678/,/r/ualbany,[Albany](#f/albany)
Alcorn St.,aaj,AlcornSt,Southwestern Athletic,,,[Alcorn State](#f/alcornstate)
American,aan,American,Patriot League,,,[American University](#f/american)
Appalachian St.,aap,AppalachianSt,Sun Belt,/radio/College-Basketball-c481303,,[Appalachian State](#f/appalachianstate)
AR Little Rock,aat,ARLittleRock,Sun Belt,,,[Little Rock](#f/ualr)
AR Pine Bluff,abi,ARPineBluff,Southwestern Athletic,,,[Arkansas-Pine Bluf](#f/arkansaspinebluff)
Arizona,aaq,Arizona,Pac-12,/radio/Arizona-Basketball-c100000465/,/r/uofarizona,[Arizona](#f/arizona)
Arizona St.,aar,ArizonaSt,Pac-12,/radio/Arizona-St-Basketball-c100000466/,,[Arizona State](#f/arizonastate)
Arkansas,aas,Arkansas,Southeastern,/radio/Arkansas-Basketball-c100000464/,/r/razorbacks,[Arkansas](#f/arkansas)
Arkansas St.,aav,ArkansasSt,Sun Belt,,,[Arkansas State](#f/arkansasstate)
Army,aax,Army,Patriot League,,,[Army](#f/army)
Auburn,abb,Auburn,Southeastern,/radio/Auburn-Basketball-c100000467/,/r/wde,[Auburn](#f/auburn)
Austin Peay,abf,AustinPeay,Ohio Valley,,,[Austin Peay](#f/austinpeay)
Ball St.,baa,BallSt,Mid-American,,,[Ball State](#f/ballstate)
Baylor,bae,Baylor,Big 12,/radio/Baylor-Basketball-c100000468/,/r/baylor,[Baylor](#f/baylor)
Belmont,bab,Belmont,Ohio Valley,,,[Belmont](#f/belmont)
Bethune-Cookman,bag,BethuneCookman,Mid-Eastern,,,[Bethune-Cookman](#f/bethunecookman)
Binghamton,bai,Binghamton,America East,,,[Binghamton](#f/binghamton)
Boise St.,bal,BoiseSt,Mountain West,/radio/Boise-St-Basketball-c100000560/,,[Boise State](#f/boisestate)
Boston Coll.,bam,BostonColl,Atlantic Coast,/radio/Boston-College-Basketball-c100000469/,,[Boston College](#f/bostoncollege)
Boston U.,ban,BostonU,Patriot League,,,[Boston University](#f/bostonuniversity)
Bowling Green,bap,BowlingGreen,Mid-American,,,[Bowling Green](#f/bowlinggreen)
Bradley,baq,Bradley,Missouri Valley,,,[Bradley](#f/bradley)
Brown,bas,Brown,Ivy League,,,[Brown](#f/brown)
Bryant,bry,Bryant,Northeast,,,[Bryant](#f/bryant)
Bucknell,bau,Bucknell,Patriot League,,,[Bucknell](#f/bucknell)
Buffalo,baz,Buffalo,Mid-American,,/r/ubbulls,[Buffalo](#f/buffalo)
Butler,bav,Butler,Big East,/radio/Butler-Basketball-c100000549/,/r/butleruniversity,[Butler](#f/butler)
BYU,baw,BrighamYoung,West Coast,/radio/BYU-Basketball-c100000470/,,[BYU](#f/byu)
Cal Poly,cag,CalPoly,Big West,,,[Cal Poly](#f/calpoly)
California,cah,Cal,Pac-12,/radio/Cal-Basketball-c100000471/,,[California](#f/california)
Campbell,cai,Campbell,Big South,,,[Campbell](#f/campbell)
Canisius,caj,Canisius,Metro Atlantic Athletic,,,[Canisius](#f/canisius)
Cent. Michigan,caq,CentralMichigan,Mid-American,/radio/Central-Michigan-Basketball-c100000473/,,[Central Michigan](#f/centralmichigan)
Central Arkansas,cdm,CentralArkansas,Southland,,,[Central Arkansas](#f/centralarkansas)
Central Conn. St.,cao,CentralConnSt,Northeast,,,[Central Connecticut State](#f/centralconnecticutstate)
Charleston,cat,Chareleston,Colonial Athletic,,,[Charleston (SC)](#f/collegecharleston)
Charleston Sou.,cax,CharlestonSouth,Big South,,,[Charleston Southern](#f/charlestonsouthern)
Charlotte,nad,Charlotte,Conference USA,/radio/Charlotte-Basketball-c100000474/,,[Charlotte](#f/charlotte)
Chattanooga,cdc,Chattanooga,Southern,,,[Chattanooga](#f/chattanooga)
Chicago St.,cay,ChicagoSt,Western Athletic,,,[Chicago State](#f/chicagostate)
Cincinnati,cbc,Cincinnati,American Athletic,/radio/Cincinnati-Basketball-c100000475/,/r/uCinci,[Cincinnati](#f/cincinnati)
Citadel,cbv,Citadel,Southern,,,[The Citadel](#f/citadel)
Clemson,cbg,Clemson,Atlantic Coast,,,[Clemson](#f/clemson)
Cleveland St.,cbh,ClevelandSt,Horizon League,,,[Cleveland State](#f/clevelandstate)
Coastal Car.,cbi,CoastalCarolina,Big South,,,[Coastal Carolina](#f/coastalcarolina)
Colgate,cbk,Colgate,Patriot League,,,[Colgate](#f/colgate)
Colorado,cbl,Colorado,Pac-12,/radio/Colorado-Basketball-c100000472/,/r/gobuffs,[Colorado](#f/colorado)
Colorado St.,cbm,ColoradoSt,Mountain West,,,[Colorado State](#f/coloradostate)
Columbia,cbn,Columbia,Ivy League,,,[Columbia](#f/columbia)
Connecticut,cbp,Connecticut,American Athletic,/radio/UConn-Basketball-c100000513/,/r/UCONN,[Connecticut](#f/connecticut)
Coppin St.,cbq,CoppinSt,Mid-Eastern,,,[Coppin State](#f/coppinstate)
Cornell,cbr,Cornell,Ivy League,,,[Cornell](#f/cornell)
Creighton,cbt,Creighton,Big East,,,[Creighton](#f/creighton)
CSU Bakersfield,ccm,CSUBakersfield,Western Athletic,,,[Cal State Bakersfield](#f/csubakersfield)
CSU Fullerton,fat,CSUFullerton,Big West,,,[CSU Fullerton](#f/csufullerton)
CSU Northridge,nbb,CSUNorthridge,Big West,,,[Cal State Northridge](#f/csunorthridge)
Dartmouth,dac,Dartmouth,Ivy League,,,[Dartmouth](#f/dartmouth)
Davidson,dad,Davidson,Atlantic 10,,,[Davidson](#f/davidson)
Dayton,dae,Dayton,Atlantic 10,,,[Dayton](#f/dayton)
Delaware,dag,Delaware,Colonial Athletic,,,[Delaware](#f/delaware)
Delaware St.,dah,DelawareSt,Mid-Eastern,,,[Delaware State](#f/delawarestate)
Denver,dak,Denver,Summit,,,[Denver](#f/denver)
DePaul,dal,DePaul,Big East,,,[DePaul](#f/depaul)
Detroit,dam,Detroit,Horizon League,,,[Detroit](#f/detroitmercy)
Drake,dar,Drake,Missouri Valley,,,[Drake](#f/drake)
Drexel,dat,Drexel,Colonial Athletic,,,[Drexel](#f/drexel)
Duke,dau,Duke,Atlantic Coast,/radio/Duke-Basketball-c100000476/,/r/cameroncrazies,[Duke](#f/duke)
Duquesne,dav,Duquesne,Atlantic 10,,,[Duquesne](#f/duquesne)
E. Kentucky,eae,EasternKentucky,Ohio Valley,,,[Eastern Kentucky](#f/easternkentucky)
E. Tennessee St.,eaa,EasternTennSt,Southern,,,[East Tennessee State](#f/easttennesseestate)
East Carolina,eac,EastCarolina,American Athletic,/radio/East-Carolina-Basketball-c100000477/,,[East Carolina](#f/eastcarolina)
East. Michigan,eaf,EasternMichigan,Mid-American,,/r/EMUHoops,[Eastern Michigan](#f/easternmichigan)
Eastern Illinois,ead,EasternIllinois,Ohio Valley,,,[Eastern Illinois](#f/easternillinois)
Eastern Wash.,eai,EasternWash,Big Sky,,,[Eastern Washington](#f/easternwashington)
Elon,eat,Elon,Colonial Athletic,/radio/Elon-Basketball-c100000530/,,[Elon](#f/elon)
Evansville,ear,Evansville,Missouri Valley,,,[Evansville](#f/evansville)
Fair. Dickinson,faa,FairDickinson,Northeast,,,[Fairleigh Dickinson](#f/fairleighdickinson)
Fairfield,fab,Fairfield,Metro Atlantic Athletic,,,[Fairfield](#f/fairfield)
Fla Gulf Coast,flg,FloridaGulfCoast,Atlantic Sun,,,[Florida Gulf Coast](#f/floridagulfcoast)
Florida,fak,Florida,Southeastern,/radio/Florida-Basketball-c100000478/,/r/FloridaGators,[Florida](#f/florida)
Florida A&M,fal,FloridaAM,Mid-Eastern,,,[Florida A&M](#f/floridaam)
Florida Atlantic,fav,FloridaAtlantic,Conference USA,,,[FAU](#f/fau)
Florida Intl.,fam,FloridaIntl,Conference USA,,,[FIU](#f/fiu)
Florida St.,fan,FloridaSt,Atlantic Coast,/radio/Florida-St-Basketball-c100000479/,,[Florida State](#f/floridastate)
Fordham,fao,Fordham,Atlantic 10,,,[Fordham](#f/fordham)
Fresno St.,far,FresnoSt,Mountain West,,,[Fresno State](#f/fresnostate)
Furman,fau,Furman,Southern,/radio/Furman-Basketball-c100000526/,,[Furman](#f/furman)
Gardner-Webb,gal,Gardner,Big South,/radio/George-Washington-Basketball-c100000531/,,[Gardner-Webb](#f/gardnerwebb)
Geo. Wash.,gac,GeorgeWashington,Atlantic 10,,,[George Washington](#f/georgewashington)
George Mason,gad,GeorgeMason,Atlantic 10,,,[George Mason](#f/georgemason)
Georgetown,gae,Georgetown,Big East,/radio/Georgetown-Basketball-c100000558/,,[Georgetown](#f/georgetown)
Georgia,gaf,Georgia,Southeastern,/radio/Georgia-Basketball-c100000480/,,[Georgia](#f/georgia)
Georgia Southern,gab,GeorgiaSouthern,Sun Belt,,,[Georgia Southern](#f/georgiasouthern)
Georgia St.,gag,GeorgiaSt,Sun Belt,,,[Georgia State](#f/georgiastate)
Georgia Tech,gah,GeorgiaTech,Atlantic Coast,/radio/Georgia-Tech-Basketball-c100000481/,,[Georgia Tech](#f/georgiatech)
Gonzaga,gaj,Gonzaga,West Coast,/radio/Gonzaga-Basketball-c100000482/,/r/gonzaga,[Gonzaga](#f/gonzaga)
Grambling St.,gak,GramblingSt,Southwestern Athletic,,,[Grambling State](#f/gramblingstate)
Grand Canyon,grand_canyon,GrandCanyon,Western Athletic,,,[Grand Canyon](#f/grandcanyon)
Green Bay,wbb,GreenBay,Horizon League,,,[Green Bay](#f/greenbay)
Hampton,hay,Hampton,Mid-Eastern,,,[Hampton](#f/hampton)
Hartford,hac,Hartford,America East,,,[Hartford](#f/hartford)
Harvard,had,Harvard,Ivy League,,,[Harvard](#f/harvard)
Hawaii,hae,Hawaii,Big West,,,[Hawai'i](#f/hawaii)
High Point,hbd,HighPoint,Big South,,,[High Point](#f/highpoint)
Hofstra,hak,Hofstra,Colonial Athletic,,,[Hofstra](#f/hofstra)
Holy Cross,hal,HolyCross,Patriot League,,,[Holy Cross](#f/holycross)
Houston,ham,Houston,American Athletic,/radio/Houston-Basketball-c100000483/,,[Houston](#f/houston)
Houston Baptist,hba,HoustonBaptist,Southland,,,[Houston Baptist](#f/houstonbaptist)
Howard,hao,Howard,Mid-Eastern,,,[Howard](#f/howard)
Idaho,iaa,Idaho,Big Sky,,,[Idaho](#f/idaho)
Idaho St.,iac,IdahoSt,Big Sky,,,[Idaho State](#f/idahostate)
Ill. Chicago,iaf,IllinoisChicago,Horizon League,,,[UIC](#f/uic)
Illinois,iae,Illinois,Big Ten,/radio/Illinois-Basketball-c100000541/,/r/fightingillini,[Illinois](#f/illinois)
Illinois St.,iag,IllinoisSt,Missouri Valley,,,[Illinois State](#f/illinoisstate)
Incarnate Word,incarnate_word,IncarnateWord,Southland,,,[Incarnate Word](#f/incarnateword)
Indiana,iai,Indiana,Big Ten,/radio/Indiana-Basketball-c100000532/,/r/IndianaHoosiers,[Indiana](#f/indiana)
Indiana St.,ial,IndianaSt,Missouri Valley,,,[Indiana State](#f/indianastate)
Iona,iam,Iona,Metro Atlantic Athletic,,,[Iona](#f/iona)
Iowa,ian,Iowa,Big Ten,/radio/Iowa-Basketball-c100000533/,/r/Hawkeyes,[Iowa](#f/iowa)
Iowa St.,iao,IowaSt,Big 12,,/r/cyclONEnation,[Iowa State](#f/iowastate)
IPFW,iav,IPFW,Summit,,,[IPFW](#f/ipfw)
IUPUI,iak,IUPUI,Summit,,,[IUPUI](#f/iupui)
Jackson St.,jaa,JacksonSt,Southwestern Athletic,,,[Jackson State](#f/jacksonstate)
Jacksonville,jab,Jacksonville,Atlantic Sun,,,[Jacksonville](#f/jacksonville)
Jacksonville St.,jae,JacksonvilleSt,Ohio Valley,,,[Jacksonville State](#f/jacksonvillestate)
James Madison,jac,JamesMadison,Colonial Athletic,,,[James Madison](#f/jamesmadison)
Kansas,kaa,Kansas,Big 12,/radio/Kansas-Basketball-c100000484/,/r/jayhawks,[Kansas](#f/kansas)
Kansas St.,kab,KansasSt,Big 12,/radio/Kansas-St-Basketball-c100000544/,/r/kstate,[Kansas State](#f/kansasstate)
Kennesaw St.,kns,Kennesaw,Atlantic Sun,,,[Kennesaw](#f/kennesaw)
Kent St.,kae,KentSt,Mid-American,/radio/Kent-St-Basketball-c100000485/,,[Kent State](#f/kentstate)
Kentucky,kaf,Kentucky,Southeastern,/radio/Kentucky-Basketball-c100000486/,/r/wildcats,[Kentucky](#f/kentucky)
La Lafayet.,scf,LALafayette,Sun Belt,,,[Lafayette](#f/lafayette)
LA Monroe,nah,LAMonroe,Sun Belt,,,[ULM](#f/ulm)
La Salle,lad,Lasalle,Atlantic 10,,,[La Salle](#f/lasalle)
Lafayette,laa,Lafayette,Patriot League,,,[Lafayette](#f/lafayette)
Lamar,lab,Lamar,Southland,,,[Lamar](#f/lamar)
Lehigh,laf,Lehigh,Patriot League,,,[Lehigh](#f/lehigh)
Liberty,lai,Liberty,Big South,,,[Liberty](#f/liberty)
Lipscomb,lbu,Lipscomb,Atlantic Sun,,,[Lipscomb](#f/lipscomb)
LIU Brooklyn,lal,LongIslandU,Northeast,,,[Long Island](#f/longisland)
Long Beach St.,lan,LongBeachSt,Big West,,,[CSU Long Beach](#f/csulongbeach)
Longwood,lay,Longwood,Big South,,,[Longwood](#f/longwood)
Louisiana Tech,lap,LouisianaTech,Conference USA,,,[Louisiana Tech](#f/louisianatech)
Louisville,laq,Louisville,Atlantic Coast,/radio/Louisville-Basketball-c100000487/,/r/AllHail,[Louisville](#f/Louisville)
Loyola (MD),lau,LoyolaMD,Patriot League,,,[Loyola Maryland](#f/loyolamaryland)
Loyola Chicago,las,LoyolaChicago,Missouri Valley,,,[Loyola Chicago](#f/loyolachicago)
Loyola Marymount,lat,LoyolaMarymount,West Coast,,,[Loyola Marymount](#f/loyolamarymount)
LSU,lav,LSU,Southeastern,,,[LSU](#f/lsu)
Maine,maa,Maine,America East,,,[Maine](#f/maine)
Manhattan,mab,Manhattan,Metro Atlantic Athletic,,,[Manhattan](#f/manhattan)
Marist,mae,Marist,Metro Atlantic Athletic,,,[Marist](#f/marist)
Marquette,maf,Marquette,Big East,/radio/Marquette-Basketball-c100000552/,/r/mubb,[Marquette](#f/marquette)
Marshall,mah,Marshall,Conference USA,/radio/Marshall-Basketball-c100000488/,,[Marshall](#f/marshall)
Maryland,maj,Maryland,Big Ten,/radio/Maryland-Basketball-c100000557/,/r/umd,[Maryland](#f/maryland)
Mass-Lowell,massachusetts_lowell,UMassLowell,America East,,,[Massachusetts Lowell](#f/massachusettslowell)
McNeese St.,mal,McNeeseSt,Southland,,,[McNeese State](#f/mcneesestate)
MD Eastern Shore,man,MDEasternShore,Mid-Eastern,,,[UMES](#f/umes)
Memphis,map,Memphis,American Athletic,,,[Memphis](#f/memphis)
Mercer,maq,Mercer,Southern,,,[Mercer](#f/mercer)
Miami (FL),mav,Miami,Atlantic Coast,,/r/MiamiHurricanes,[Miami](#f/miami)
Miami (OH),maw,MiamiOH,Mid-American,/radio/Miami-(OH)-Basketball-c100000489/,,[Miami (OH)](#f/miamioh)
Michigan,max,Michigan,Big Ten,/radio/Michigan-Basketball-c100000490/,/r/MichiganWolverines,[Michigan](#f/michigan)
Michigan St.,may,MichiganSt,Big Ten,,/r/theonlycolors,[Michigan State](#f/michiganstate)
Middle Tenn. St.,maz,MiddleTennessee,Conference USA,,,[Middle Tennessee](#f/middletennessee)
Milwaukee,wbd,WisMilwaukee,Horizon League,,,[Milwaukee](#f/milwaukee)
Minnesota,mbd,Minnesota,Big Ten,/radio/Minnesota-Basketball-c100000540/,/r/GopherSports,[Minnesota](#f/minnesota)
Miss. Valley St.,mbe,MissValleySt,Southwestern Athletic,,,[Mississippi Valley State](#f/mississippivalleystate)
Mississippi,mbf,Mississippi,Southeastern,/radio/Ole-Miss-Basketball-c100000494/,/r/olemiss,[Ole Miss](#f/olemiss)
Mississippi St.,mbg,MississippiSt,Southeastern,,,[Mississippi State](#f/mississippistate)
Missouri,mbh,Missouri,Southeastern,/radio/Missouri-Basketball-c100000537/,/r/mizzou,[Missouri](#f/missouri)
Missouri St.,scg,MissouriSt,Missouri Valley,,,[Missouri State](#f/missouristate)
Mo. Kansas City,mbi,UMKC,Western Athletic,,,[UMKC](#f/umkc)
Monmouth,mbk,Monmouth,Metro Atlantic Athletic,,,[Monmouth](#f/monmouth)
Montana,mbm,Montanna,Big Sky,,,[Montana](#f/montana)
Montana St.,mbn,MontanaSt,Big Sky,,,[Montana State](#f/montanastate)
Morehead St.,mbp,MoreheadSt,Ohio Valley,,,[Morehead State](#f/moreheadstate)
Morgan St.,mbq,MorganSt,Mid-Eastern,,,[Morgan State](#f/morganstate)
Mount St. Mary's,mbs,MountStMarys,Northeast,,,[Mount St. Mary's](#f/mountstmarys)
Murray St.,mbv,MurraySt,Ohio Valley,,,[Murray State](#f/murraystate)
N. Carolina,nav,NorthCarolina,Atlantic Coast,/radio/stations/North-Carolina-Tar-Heels-a37719/,/r/tarheels,[North Carolina](#f/northcarolina)
N. Dak. St.,nds,NorthDakotaSt,Summit,,,[North Dakota](#f/northdakota)
N. Mex. St.,nan,NewMexicoSt,Western Athletic,,,[New Mexico State](#f/newmexicostate)
N.C. A&T,nas,NCAT,Mid-Eastern,,,[North Carolina A&T](#f/northcarolinaat)
N.C. Asheville,nab,NCAsherville,Big South,,,[UNC-Asheville](#f/uncasheville)
N.C. Central,nac,NorthCarolinaCentral,Mid-Eastern,,,[North Carolina Central](#f/nccentral)
N.C. Greensboro,nae,NCGreensboro,Southern,/radio/UNC-Greensboro-Basketball-c100000529/,,[UNC Greensboro](#f/uncgreensboro)
N.C. State,nat,NorthCarolinaSt,Atlantic Coast,/radio/North-Carolina-St-Basketball-c100000542/,/r/NCSU,[North Carolina State](#f/northcarolinastate)
N.C. Wilmington,nag,NCWilmington,Colonial Athletic,,,[UNC Wilmington](#f/uncwilmington)
N.J.I.T.,ncf,NJIT,Atlantic Sun,,,[NJIT](#f/njit)
N'western St.,nbe,NorthwesternSt,Southland,,,[Northwestern](#f/northwestern)
Navy,naa,Navy,Patriot League,,,[Navy](#f/navy)
Nebraska,nai,Nebraska,Big Ten,/radio/Nebraska-Basketball-c100000491/,/r/Huskers,[Nebraska](#f/nebraska)
Nebraska Omaha,neo,NebraskaOmaha,Summit,,,[Nebraska-Omaha](#f/nebraskaomaha)
Nevada,nak,Nevada,Mountain West,,,[Nevada](#f/nevada)
New Hampshire,nal,NewHampshire,America East,,,[New Hampshire](#f/newhampshire)
New Mexico,nam,NewMexico,Mountain West,/radio/New-Mexico-Basketball-c100000550/,,[New Mexico](#f/newmexico)
New Orleans,nao,NewOrleans,Southland,,,[New Orleans](#f/neworleans)
Niagara,naq,Niagara,Metro Atlantic Athletic,,,[Niagara](#f/niagara)
Nicholls,nar,NichollsSt,Southland,,,[Nicholls State](#f/nichollsstate)
Norfolk St.,ncb,NorfolkSt,Mid-Eastern,,,[Norfolk State](#f/norfolkstate)
North Dakota,nci,NorthDakota,Big Sky,,,[North Dakota](#f/northdakota)
North Florida,nfl,NorthFlorida,Atlantic Sun,,,[North Florida](#f/northflorida)
North Texas,nax,NorthTexas,Conference USA,,,[North Texas](#f/northtexas)
North. Kentucky,nbj,NorthernKentucky,Horizon League,,,[Northern Kentucky](#f/northernkentucky)
Northeastern,nay,Northeastern,Colonial Athletic,,,[Northeastern](#f/northeastern)
Northern Arizona,nbc,NorthernArizona,Big Sky,,,[Northern Arizona](#f/northernarizona)
Northern Colorado,nbh,NorthernColorado,Big Sky,,,[Northern Colorado](#f/northerncolorado)
Northern Illinois,naz,NorthernIllinois,Mid-American,/radio/Northern-Illinois-Basketball-c100000551/,,[Northern Illinois](#f/northernillinois)
Northern Iowa,nba,NorthernIowa,Missouri Valley,/radio/Northern-Iowa-Basketball-c100000553/,,[Northern Iowa](#f/northerniowa)
Northwestern,nbd,Northwestern,Big Ten,/radio/Northwestern-Basketball-c100000538/,,[Northwestern](#f/northwestern)
Notre Dame,nbf,NotreDame,Atlantic Coast,,/r/notredamesports,[Notre Dame](#f/notredame)
Oakland,oaa,Oakland,Horizon League,,,[Oakland](#f/oakland)
Ohio,oab,Ohio,Mid-American,/radio/Ohio-Basketball-c100000492/,,[Ohio](#f/ohio)
Ohio St.,oad,OhioSt,Big Ten,/radio/Ohio-St-Basketball-c100000493/,/r/ohiostatebasketball,[Ohio State](#f/ohiostate)
Oklahoma,oae,Oklahoma,Big 12,,/r/sooners,[Oklahoma](#f/oklahoma)
Oklahoma St.,oag,OklahomaSt,Big 12,/radio/Oklahoma-St-Basketball-c100000543/,,[Oklahoma State](#f/oklahomastate)
Old Dominion,oah,OldDominion,Conference USA,,,[Old Dominion](#f/olddominion)
Oral Roberts,oai,OralRoberts,Summit,,,[Oral Roberts](#f/oralroberts)
Oregon,oaj,Oregon,Pac-12,/radio/Oregon-Basketball-c100000495/,/r/ducks,[Oregon](#f/oregon)
Oregon St.,oak,OregonSt,Pac-12,/radio/Oregon-St-Basketball-c100000496/,,[Oregon State](#f/oregonstate)
Pacific,pab,Pacific,West Coast,,,[Pacific](#f/pacific)
Penn St.,paf,PennSt,Big Ten,/radio/Penn-St-Basketball-c100000535/,,[Penn State](#f/pennstate)
Pennsylvania,pag,Pennsylvania,Ivy League,,,[Pennsylvania](#f/pennsylvania)
Pepperdine,pah,Pepperdine,West Coast,,,[Pepperdine](#f/pepperdine)
Pittsburgh,pal,Pittsburgh,Atlantic Coast,/radio/Pitt-Basketball-c100000497/,,[Pittsburgh](#f/pittsburgh)
Portland,pan,Portland,West Coast,,,[Portland](#f/portland)
Portland St.,pbe,PortlandSt,Big Sky,,,[Portland State](#f/portlandstate)
Prairie View A&M,pao,PrairieViewAM,Southwestern Athletic,,,[Prairie View A&M](#f/prairieviewam)
Presbyterian,paq,Presbyterian,Big South,,,[Presbyterian](#f/presbyterian)
Princeton,par,Princeton,Ivy League,,,[Princeton](#f/princeton)
Providence,pas,Providence,Big East,,,[Providence](#f/providence)
Purdue,pau,Purdue,Big Ten,/radio/Purdue-Basketball-c100000539/,/r/boilermakers,[Purdue](#f/purdue)
Quinnipiac,qae,Quinnipiac,Metro Atlantic Athletic,,,[Quinnipiac](#f/quinnipiac)
Radford,raa,Radford,Big South,,,[Radford](#f/radford)
Rhode Island,rad,RhodeIsland,Atlantic 10,,,[Rhode Island](#f/rhodeisland)
Rice,rae,Rice,Conference USA,/radio/Rice-Basketball-c100000498/,,[Rice](#f/rice)
Richmond,raf,Richmond,Atlantic 10,/radio/Richmond-Basketball-c100000528/,,[Richmond](#f/richmond)
Rider,rag,Rider,Metro Atlantic Athletic,,,[Rider](#f/rider)
Robert Morris,rah,RobertMorris,Northeast,,,[Robert Morris](#f/robertmorris)
Rutgers,rak,Rutgers,Big Ten,/radio/Rutgers-Basketball-c100000499/,/r/ScarletKnights,[Rutgers](#f/rutgers)
S. Carolina St.,sax,SouthCarolinaSt,Mid-Eastern,,,[South Carolina State](#f/southcarolinastate)
S. Dakota St.,sds,SouthDakotaSt,Summit,,,[South Dakota State](#f/southdakotastate)
S. Diego St.,sae,SanDiegoSt,Mountain West,,,[San Diego State](#f/sandiegostate)
S.Car. Upstate,sec,SouthCarolinaUpstate,Atlantic Sun,,,[USC Upstate](#f/uscupstate)
S.F. Austin,scc,StephenFAustin,Southland,,,[Stephen F. Austin](#f/stephenfaustin)
Sacramento St.,saa,SacramentoSt,Big Sky,,,[Sacramento State](#f/sacramentostate)
Sacred Heart,sdy,SacredHeart,Northeast,,,[Sacred Heart](#f/sacredheart)
Saint Louis,sbr,SaintLouis,Atlantic 10,,,[Saint Louis](#f/saintlouis)
Sam Houston St.,sab,SamHoustonSt,Southland,,,[Sam Houston State](#f/samhoustonstate)
Samford,sac,Samford,Southern,,,[Samford](#f/samford)
San Diego,sad,SanDiego,West Coast,,,[San Diego](#f/sandiego)
San Francisco,saf,SanFrancisco,West Coast,,,[San Francisco](#f/sanfrancisco)
San Jose St.,sag,SanJoseSt,Mountain West,,,[San Jos State](#f/sanjosestate)
Santa Clara,sai,SantaClara,West Coast,,,[Santa Clara](#f/santaclara)
Savannah St.,saj,SavannahSt,Mid-Eastern,,,[Savannah State](#f/savannahstate)
SE Louisiana,sam,SELouisiana,Southland,,,[Southeastern Louisiana](#f/southeasternlouisiana)
SE Missouri St.,sap,SEMissouriSt,Ohio Valley,,,[Southeast Missouri State](#f/southeastmissouristate)
Seattle,san,Seattle,Western Athletic,,,[Seattle](#f/seattle)
Seton Hall,sao,SetonHall,Big East,,,[Seton Hall](#f/setonhall)
Siena,sas,Siena,Metro Atlantic Athletic,,,[Siena](#f/siena)
SIU Edwardsville,saw,SIUEdwardsville,Ohio Valley,,,[SIUE](#f/siue)
SMU,sav,SouthernMethodist,American Athletic,/radio/SMU-Basketball-c100000554/,,[SMU](#f/smu)
South Alabama,sbe,SouthAlabama,Sun Belt,,,[South Alabama](#f/southalabama)
South Carolina,sbf,SouthCarolina,Southeastern,/radio/South-Carolina-Basketball-c100000500/,,[South Carolina](#f/southcarolina)
South Dakota,say,SouthDakota,Summit,,,[South Dakota](#f/southdakota)
South Florida,sbg,SouthFlorida,American Athletic,/radio/South-Florida-Basketball-c100000501/,,[USF Bulls](#f/usf)
Southern,sbh,Southern,Southwestern Athletic,,,[Southern University](#f/southern)
Southern Ill.,sbi,SouthernIllinois,Missouri Valley,,,[Southern Illinois](#f/southernillinois)
Southern Miss,sbb,SouthernMiss,Conference USA,/radio/Southern-Miss-Basketball-c100000502/,,[Southern Miss](#f/southernmiss)
Southern Utah,sbc,SouthernUtah,Big Sky,,,[Southern Utah](#f/southernutah)
St. Bonaventure,sbl,StBonaventure,Atlantic 10,,,[St. Bonaventure](#f/stbonaventure)
St. Francis (NY),sbn,StFrancisNY,Northeast,,,[St. Francis Brooklyn](#f/stfrancisbrooklyn)
St. Francis (PA),sbo,StFrancisPA,Northeast,,,[St. Francis PA](#f/stfrancis)
St. John's,sbp,StJohns,Big East,/radio/St-Johns-Basketball-c100000504/,,[St. John's (NY)](#f/stjohnsny)
St. Joseph's,sbq,StJosephs,Atlantic 10,,,[St. Joseph's (PA)](#f/stjosephspa)
St. Mary's,sbt,StMarys,West Coast,,,[St. Mary's (CA)](#f/stmarys)
St. Peter's,sby,StPeters,Metro Atlantic Athletic,,,[St. Peter's](#f/stpeters)
Stanford,sca,Stanford,Pac-12,/radio/Stanford-Basketball-c100000503/,/r/StanfordCardinal,[Stanford](#f/stanford)
Stetson,scd,Stetson,Atlantic Sun,,,[Stetson](#f/stetson)
Stony Brook,scy,StonyBrook,America East,,,[Stony Brook](#f/stonybrook)
Syracuse,sci,Syracuse,Atlantic Coast,/radio/Syracuse-Basketball-c100000505/,/r/cuse,[Syracuse](#f/syracuse)
TAMU Corpus Christi,tbq,TAMUCorpusChristi,Southland,,,[Texas A&M-Corpus Christi](#f/texasamcorpuschristi)
TCU,tac,TCU,Big 12,/radio/TCU-Basketball-c100000506/,,[TCU](#f/tcu)
Temple,tad,Temple,American Athletic,/radio/Temple-Basketball-c100000555/,,[Temple](#f/temple)
Tenn-Martin,tae,TennesseeMartin,Ohio Valley,,,[Tennessee-Martin](#f/tennesseemartin)
Tennessee,tag,Tennessee,Southeastern,/radio/Tennessee-Basketball-c100000507/,/r/ockytop,[Tennessee](#f/tennessee)
Tennessee St.,tai,TennesseeSt,Ohio Valley,,,[Tennessee State](#f/tennesseestate)
Tennessee Tech,taj,TensesseeTech,Ohio Valley,,,[Tennessee Tech](#f/tennesseetech)
Texas,tal,Texas,Big 12,/radio/Texas-Basketball-c100000508/,/r/LonghornNation,[Texas](#f/texas)
Texas A&M,tan,TexasAM,Southeastern,/radio/Texas-AM-Basketball-c100000546/,/r/Aggies,[Texas A&M](#f/texasam)
Texas-Rio Grande Valley,tbc,TexasRioGrandeValley,Western Athletic,,,[Texas-Rio Grande Valley](#f/texasriograndevalley)	
Texas Southern,tar,TexasSouthern,Southwestern Athletic,,,[Texas Southern](#f/texassouthern)
Texas St.,sch,TexasSt,Sun Belt,,,[Texas State](#f/texasstate)
Texas Tech,tas,TexasTech,Big 12,/radio/Texas-Tech-Basketball-c100000545/,,[Texas Tech](#f/texastech)
Toledo,tau,Toledo,Mid-American,,,[Toledo](#f/toledo)
Towson,tav,Towson,Colonial Athletic,,,[Towson](#f/towson)
Troy,taw,Troy,Sun Belt,,,[Troy](#f/troy)
Tulane,taz,Tulane,American Athletic,/radio/Tulane-Basketball-c100000509/,,[Tulane](#f/tulane)
Tulsa,tba,Tulsa,American Athletic,,,[Tulsa](#f/tulsa)
TX Arlington,tao,TXArlington,Sun Belt,,,[UT Arlington](#f/utarlington)
UAB,abh,UAB,Conference USA,/radio/UAB-Basketball-c100000510/,,[UAB](#f/uab)
UC Davis,caa,UCDavis,Big West,,,[UC Davis](#f/ucdavis)
UC Irvine,cab,UCIrvine,Big West,,,[UC Irvine](#f/ucirvine)
UC Riverside,cau,UCRiverside,Big West,,,[UC Riverside](#f/ucriverside)
UCF,cap,UCF,American Athletic,/radio/UCF-Basketball-c100000511/,,[UCF](#f/ucf)
UCLA,uaa,UCLA,Pac-12,/radio/UCLA-Basketball-c100000512/,,[UCLA](#f/ucla)
UCSB,sah,UCSB,Big West,/radio/UC-Santa-Barbara-Basketball-c100000547/,,[UCSB](#f/ucsb)
UMass,mak,Masachusetts,Atlantic 10,/radio/UMass-Basketball-c100000556/,,[UMass ](#f/umass)
UMBC,mam,UMBC,America East,,,[UMBC](#f/umbc)
UNLV,naj,UNLV,Mountain West,/radio/UNLV-Basketball-c100000514/,/r/runninrebels,[UNLV](#f/unlv)
USC,uad,USC,Pac-12,/radio/USC-Basketball-c100000515/,,[USC](#f/usc)
Utah,uae,Utah,Pac-12,/radio/Utah-Basketball-c100000516/,,[Utah](#f/utah)
Utah St.,uaf,UtahSt,Mountain West,,,[Utah State](#f/utahstate)
Utah Valley,uvs,UtahValleyU,Western Athletic,,,[Utah Valley](#f/utahvalley)
UTEP,tap,UTEP,Conference USA,/radio/UTEP-Basketball-c100000517/,,[UTEP](#f/utep)
UTSA,tak,UTSA,Conference USA,,,[UTSA](#f/utsa)
Valparaiso,vab,Valparaiso,Horizon League,,,[Valparaiso](#f/valparaiso)
Vanderbilt,vac,Vanderbilt,Southeastern,/radio/Vanderbilt-Basketball-c100000518/,,[Vanderbilt](#f/vanderbilt)
VCU,vaa,VirginiaCommonwealth,Atlantic 10,,,[VCU](#f/vcu)
Vermont,vad,Vermont,America East,,,[Vermont](#f/vermont)
Villanova,vae,Villanova,Big East,/radio/Villanova-Basketball-c100000519/,,[Villanova](#f/villanova)
Virginia,vaf,Virginia,Atlantic Coast,/radio/Virginia-Basketball-c100000548/,/r/UVA,[Virginia](#f/virginia)
Virginia Military,vai,VirginaMillitary,Southern,,,[VMI](#f/virginiamilitaryinstitute)
Virginia Tech,vah,VirginiaTech,Atlantic Coast,/radio/Virginia-Tech-Basketball-c100000520/,/r/ViginiaTech,[Virginia Tech](#f/virginiatech)
W. Kentucky,wao,WKU,Conference USA,/radio/Western-Kentucky-Basketball-c100000525/,,[Western Kentucky](#f/westernkentucky)
W. Michigan,wap,WMichigan,Mid-American,,,[Western Michigan](#f/westernmichigan)
Wagner,wac,Wagner,Northeast,,,[Wagner](#f/wagner)
Wake Forest,wad,WakeForest,Atlantic Coast,/radio/Wake-Forest-Basketball-c100000521/,,[Wake Forest](#f/wakeforest)
Washington,waf,Washington,Pac-12,/radio/Washington-Basketball-c100000522/,/r/huskies,[Washington](#f/washington)
Washington St.,wah,WashingtonSt,Pac-12,/radio/Washington-St-Basketball-c100000523/,,[Washington State](#f/washingtonstate)
Weber St.,wai,WeberSt,Big Sky,,,[Weber State](#f/weberstate)
West Virginia,wal,WestVirginia,Big 12,/radio/West-Virginia-Basketball-c100000524/,/r/mountaineers,[West Virginia](#f/westvirginia)
Western Carolina,wat,WesternCarolina,Southern,,,[Western Carolina](#f/westerncarolina)
Western Ill.,wan,WesternIllinois,Summit,,,[Western Illinois](#f/westernillinois)
Wichita St.,wax,WichitaState,Missouri Valley,/radio/Wichita-St-Basketball-c100000559/,,[Wichita State](#f/wichitastate)
William & Mary,wbh,WilliamMary,Colonial Athletic,,,[William & Mary](#f/williammary)
Winthrop,way,Winthrop,Big South,,,[Winthrop](#f/winthrop)
Wisconsin,wbg,Wisconsin,Big Ten,/radio/Wisconsin-Basketball-c100000534/,/r/WisconsinBadgers,[Wisconsin](#f/wisconsin)
Wofford,wbi,Wofford,Southern,/radio/Wofford-Basketball-c100000527/,,[Wofford](#f/wofford)
Wright St.,wbj,WrightSt,Horizon League,,,[Wright State](#f/wrightstate)
Wyoming,wbk,Wyoming,Mountain West,,,[Wyoming](#f/wyoming)
Xavier,xaa,Xavier,Big East,,,[Xavier](#f/xavier)
Yale,yaa,Yale,Ivy League,,,[Yale](#f/yale)
Youngstown St.,yab,YoungstownSt,Horizon League,,,[Youngstown State](#f/youngstownstate)
